suburb,postcode,state,dc,type,lat,lon,No liquor_store,No police,No park
abbotsford,3067,VIC,FITZROY DC,Delivery Area,-37.801781,144.998752,15.0,1.0,20.0
aberfeldie,3040,VIC,MOONEE PONDS DC,Delivery Area,-37.75669,144.896259,1.0,0.0,16.0
airport west,3042,VIC,NIDDRIE DC,Delivery Area,-37.711698,144.88703700000005,4.0,0.0,4.0
albanvale,3021,VIC,ST ALBANS DC,Delivery Area,-37.74593400000001,144.770027,2.0,0.0,9.0
albert park,3206,VIC,SOUTH MELBOURNE DC,Delivery Area,-37.840705,144.95571,14.0,1.0,20.0
albion,3020,VIC,SUNSHINE DC,Delivery Area,-37.775954,144.819395,2.0,0.0,9.0
alphington,3078,VIC,PRESTON DC,Delivery Area,-37.780767,145.03116,3.0,0.0,15.0
altona,3018,VIC,NEWPORT DC,Delivery Area,-37.869275,144.830286,5.0,0.0,8.0
altona meadows,3028,VIC,HOPPERS CROSSING DEL CENTRE,Delivery Area,-37.871632,144.778084,1.0,0.0,13.0
altona north,3025,VIC,NEWPORT DC,Delivery Area,-37.842879,144.850049,4.0,0.0,11.0
ardeer,3022,VIC,SUNSHINE DC,Delivery Area,-37.78292,144.801018,1.0,0.0,9.0
armadale,3143,VIC,HAWTHORN DELIVERY CENTRE,Delivery Area,-37.85934,145.018505,9.0,0.0,8.0
ascot vale,3032,VIC,MOONEE PONDS DC,Delivery Area,-37.77583,144.923377,14.0,0.0,5.0
ashburton,3147,VIC,BURWOOD DC,Delivery Area,-37.863393,145.07942,1.0,1.0,15.0
ashwood,3147,VIC,BURWOOD DC,Delivery Area,-37.864686,145.093061,2.0,0.0,15.0
aspendale,3195,VIC,BRAESIDE DC,Delivery Area,-38.026479,145.101908,1.0,0.0,7.0
aspendale gardens,3195,VIC,BRAESIDE DC,Delivery Area,-38.023456,145.118374,1.0,0.0,13.0
attwood,3049,VIC,SOMERTON DC,Delivery Area,-37.667515,144.88529,0.0,0.0,6.0
avondale heights,3034,VIC,NIDDRIE DC,Delivery Area,-37.74228400000001,144.81515,5.0,0.0,12.0
balaclava,3183,VIC,ST KILDA DC,Delivery Area,-37.869023,144.995478,17.0,1.0,20.0
balwyn,3103,VIC,DEEPDENE DC,Delivery Area,-37.809701,145.082303,3.0,0.0,13.0
balwyn north,3104,VIC,DEEPDENE DC,Delivery Area,-37.792835,145.071727,2.0,0.0,9.0
bangholme,3175,VIC,DANDENONG DC,Delivery Area,-38.033107,145.179482,0.0,0.0,2.0
bayswater,3153,VIC,BAYSWATER DC,Delivery Area,-37.84126,145.266725,5.0,0.0,12.0
bayswater north,3153,VIC,BAYSWATER DC,Delivery Area,-37.8303,145.275095,1.0,0.0,5.0
beaumaris,3193,VIC,MOORABBIN DELIVERY CENTRE,Delivery Area,-37.986285,145.032876,1.0,0.0,15.0
belgrave,3160,VIC,BELGRAVE DELIVERY CENTRE,Delivery Area,-37.908422,145.355075,3.0,1.0,13.0
belgrave heights,3160,VIC,BELGRAVE DELIVERY CENTRE,Delivery Area,-37.926012,145.352597,2.0,0.0,11.0
bellfield,3081,VIC,HEIDELBERG WEST DEL CENTRE,Delivery Area,-37.751819,145.045449,3.0,0.0,9.0
bellfield,3381,VIC,STAWELL,Delivery Area,-37.228577,142.480053,0.0,0.0,0.0
bentleigh,3204,VIC,MOORABBIN DELIVERY CENTRE,Delivery Area,-37.918057,145.03544399999996,5.0,0.0,14.0
bentleigh east,3165,VIC,BENTLEIGH EAST DC,Delivery Area,-37.927402,145.059412,2.0,0.0,7.0
berwick,3806,VIC,NARRE WARREN DC,Delivery Area,-38.030467,145.344621,4.0,0.0,20.0
black rock,3193,VIC,MOORABBIN DELIVERY CENTRE,Delivery Area,-37.973503,145.01658,3.0,0.0,5.0
blackburn,3130,VIC,NUNAWADING DC,Delivery Area,-37.819374,145.153852,5.0,0.0,20.0
blackburn north,3130,VIC,NUNAWADING DC,Delivery Area,-37.810403,145.1521,2.0,0.0,13.0
blackburn south,3130,VIC,NUNAWADING DC,Delivery Area,-37.831666,145.146719,2.0,0.0,19.0
bonbeach,3196,VIC,BRAESIDE DC,Delivery Area,-38.062472,145.119404,0.0,0.0,6.0
boronia,3155,VIC,BAYSWATER DC,Delivery Area,-37.861504,145.275762,5.0,1.0,16.0
box hill,3128,VIC,BOX HILL DC,Delivery Area,-37.817455,145.119314,4.0,1.0,20.0
box hill north,3129,VIC,BOX HILL DC,Delivery Area,-37.801761,145.126869,3.0,0.0,20.0
box hill south,3128,VIC,BOX HILL DC,Delivery Area,-37.828744,145.12184299999996,2.0,0.0,11.0
briar hill,3088,VIC,BUNDOORA DC,Delivery Area,-37.709483,145.120135,4.0,0.0,13.0
brighton,3186,VIC,BRIGHTON DC,Delivery Area,-37.913149,144.991682,4.0,0.0,6.0
brighton east,3187,VIC,BRIGHTON DC,Delivery Area,-37.904879,145.002603,7.0,0.0,12.0
broadmeadows,3047,VIC,SOMERTON DC,Delivery Area,-37.680792,144.921009,3.0,1.0,11.0
brooklyn,3012,VIC,WEST FOOTSCRAY DC,Delivery Area,-37.814624,144.84710800000005,1.0,0.0,4.0
brunswick,3056,VIC,PRESTON DC,Delivery Area,-37.764829,144.943778,4.0,0.0,14.0
brunswick east,3057,VIC,PRESTON DC,Delivery Area,-37.76491,144.979567,8.0,0.0,20.0
brunswick west,3055,VIC,PRESTON DC,Delivery Area,-37.762489,144.961176,14.0,2.0,12.0
bulleen,3105,VIC,TEMPLESTOWE DC,Delivery Area,-37.768554,145.079543,2.0,1.0,9.0
bundoora,3083,VIC,BUNDOORA DC,Delivery Area,-37.70132,145.071967,1.0,0.0,18.0
burnley,3121,VIC,RICHMOND DC,Delivery Area,-37.826869,145.00709799999996,11.0,0.0,20.0
burnside,3023,VIC,SUNSHINE DC,Delivery Area,-37.753381,144.75261799999996,2.0,0.0,10.0
burnside heights,3023,VIC,SUNSHINE DC,Delivery Area,-37.771039,144.772248,1.0,0.0,8.0
burwood,3125,VIC,BURWOOD DC,Delivery Area,-37.852805,145.15190900000005,2.0,0.0,16.0
burwood east,3151,VIC,BURWOOD DC,Delivery Area,-37.858352,145.138553,1.0,0.0,15.0
cairnlea,3023,VIC,SUNSHINE DC,Delivery Area,-37.762076,144.754169,2.0,0.0,4.0
camberwell,3124,VIC,DEEPDENE DC,Delivery Area,-37.824818,145.05795700000004,9.0,1.0,17.0
campbellfield,3061,VIC,SOMERTON DC,Delivery Area,-37.643746,144.951369,0.0,0.0,3.0
canterbury,3126,VIC,DEEPDENE DC,Delivery Area,-37.824249,145.073114,1.0,0.0,16.0
carlton,3053,VIC,CARLTON DC,Delivery Area,-37.784337,144.96974699999996,12.0,0.0,20.0
carlton north,3054,VIC,CARLTON DC,Delivery Area,-37.784337,144.96974699999996,12.0,0.0,20.0
carnegie,3163,VIC,BENTLEIGH EAST DC,Delivery Area,-37.889336,145.058121,8.0,0.0,9.0
caroline springs,3023,VIC,SUNSHINE DC,Delivery Area,-37.74124000000001,144.736311,2.0,0.0,20.0
carrum,3197,VIC,SEAFORD DELIVERY CENTRE,Delivery Area,-38.076364,145.123205,2.0,0.0,6.0
carrum downs,3201,VIC,SEAFORD DELIVERY CENTRE,Delivery Area,-38.090783,145.191719,2.0,0.0,17.0
caulfield,3162,VIC,BENTLEIGH EAST DC,Delivery Area,-37.880479,145.026806,5.0,2.0,7.0
caulfield east,3145,VIC,MOUNT WAVERLEY MDC (NEW),Delivery Area,-37.875412,145.041976,3.0,0.0,8.0
caulfield north,3161,VIC,BENTLEIGH EAST DC,Delivery Area,-37.901678,145.02357,1.0,0.0,5.0
caulfield south,3162,VIC,BENTLEIGH EAST DC,Delivery Area,-37.886903,145.02197900000004,6.0,2.0,7.0
chadstone,3148,VIC,MOUNT WAVERLEY MDC (NEW),Delivery Area,-37.886372,145.082527,5.0,0.0,15.0
chelsea,3196,VIC,BRAESIDE DC,Delivery Area,-38.052346,145.115941,2.0,1.0,9.0
chelsea heights,3196,VIC,BRAESIDE DC,Delivery Area,-38.045473,145.135901,0.0,0.0,20.0
cheltenham,3192,VIC,MOORABBIN DELIVERY CENTRE,Delivery Area,-37.96451,145.055873,9.0,1.0,14.0
clarinda,3169,VIC,MOUNT WAVERLEY MDC (NEW),Delivery Area,-37.941228,145.10244,1.0,0.0,20.0
clayton,3168,VIC,MOUNT WAVERLEY MDC (NEW),Delivery Area,-37.925488,145.119662,5.0,1.0,9.0
clayton south,3169,VIC,MOUNT WAVERLEY MDC (NEW),Delivery Area,-37.939215,145.126625,0.0,0.0,8.0
clematis,3782,VIC,BELGRAVE DELIVERY CENTRE,Delivery Area,-37.929232,145.423339,2.0,0.0,5.0
clifton hill,3068,VIC,FITZROY DC,Delivery Area,-37.788118,144.992067,12.0,0.0,20.0
coburg,3058,VIC,PRESTON DC,Delivery Area,-37.743188,144.966279,7.0,0.0,17.0
coburg north,3058,VIC,PRESTON DC,Delivery Area,-37.730842,144.971699,2.0,0.0,15.0
collingwood,3066,VIC,FITZROY DC,Delivery Area,-37.800366,144.984149,20.0,2.0,20.0
coolaroo,3048,VIC,SOMERTON DC,Delivery Area,-37.651811,144.930466,1.0,0.0,20.0
craigieburn,3064,VIC,SOMERTON DC,Delivery Area,-37.598975,144.94128700000005,3.0,1.0,20.0
cranbourne,3977,VIC,CRANBOURNE DC,Delivery Area,-38.11122,145.268832,2.0,0.0,20.0
cranbourne north,3977,VIC,CRANBOURNE DC,Delivery Area,-38.082218,145.276538,2.0,0.0,13.0
cremorne,3121,VIC,RICHMOND DC,Delivery Area,-37.829719,144.990346,8.0,0.0,20.0
croydon,3136,VIC,MOOROOLBARK DC,Delivery Area,-37.798729,145.280685,5.0,1.0,12.0
croydon hills,3136,VIC,MOOROOLBARK DC,Delivery Area,-37.774437,145.27557,0.0,0.0,20.0
croydon north,3136,VIC,MOOROOLBARK DC,Delivery Area,-37.770695,145.294691,1.0,0.0,8.0
croydon south,3136,VIC,MOOROOLBARK DC,Delivery Area,-37.811967,145.269481,1.0,0.0,9.0
dallas,3047,VIC,SOMERTON DC,Delivery Area,-37.673333,144.931141,3.0,0.0,16.0
dandenong,3175,VIC,DANDENONG DC,Delivery Area,-37.987271,145.214317,11.0,2.0,14.0
dandenong north,3175,VIC,DANDENONG DC,Delivery Area,-37.965724,145.205645,4.0,0.0,7.0
dandenong south,3175,VIC,DANDENONG DC,Delivery Area,-38.034031,145.20171100000005,1.0,0.0,2.0
deer park,3023,VIC,SUNSHINE DC,Delivery Area,-37.770312,144.77472,1.0,0.0,8.0
delahey,3037,VIC,ST ALBANS DC,Delivery Area,-37.715579,144.780474,2.0,0.0,10.0
derrimut,3030,VIC,HOPPERS CROSSING DEL CENTRE,Delivery Area,-37.797549,144.771097,0.0,0.0,8.0
diamond creek,3089,VIC,DIAMOND CREEK DC,Delivery Area,-37.642629,145.217595,0.0,0.0,0.0
dingley village,3172,VIC,BRAESIDE DC,Delivery Area,-37.973323,145.11994099999995,0.0,0.0,19.0
docklands,3008,VIC,CITY DELIVERY CENTRE,Delivery Area,-37.814719,144.948039,17.0,7.0,20.0
doncaster,3108,VIC,TEMPLESTOWE DC,Delivery Area,-37.783031,145.122517,4.0,0.0,17.0
doncaster east,3109,VIC,TEMPLESTOWE DC,Delivery Area,-37.811994,145.19474,3.0,0.0,20.0
donvale,3111,VIC,TEMPLESTOWE DC,Delivery Area,-38.183899,144.468019,1.0,0.0,13.0
doveton,3177,VIC,DANDENONG DC,Delivery Area,-37.995245,145.240156,5.0,0.0,10.0
eaglemont,3084,VIC,HEIDELBERG WEST DEL CENTRE,Delivery Area,-37.762519,145.068208,5.0,1.0,18.0
east melbourne,3002,VIC,CITY DELIVERY CENTRE,Delivery Area,-37.81664,144.98781100000005,12.0,0.0,20.0
edithvale,3196,VIC,BRAESIDE DC,Delivery Area,-38.037415,145.107846,0.0,0.0,8.0
elsternwick,3185,VIC,ST KILDA DC,Delivery Area,-37.884724,145.004153,12.0,0.0,14.0
eltham,3095,VIC,RESEARCH DELIVERY CENTRE,Delivery Area,-37.71383,145.148537,5.0,1.0,17.0
eltham north,3095,VIC,RESEARCH DELIVERY CENTRE,Delivery Area,-37.69401,145.147506,0.0,0.0,15.0
elwood,3184,VIC,ST KILDA DC,Delivery Area,-37.88812100000001,144.985026,2.0,0.0,13.0
emerald,3782,VIC,BELGRAVE DELIVERY CENTRE,Delivery Area,-37.932085,145.44073999999995,3.0,1.0,18.0
endeavour hills,3802,VIC,DANDENONG DC,Delivery Area,-37.975281,145.254481,3.0,1.0,14.0
epping,3076,VIC,EPPING DC,Delivery Area,-37.638363,145.009493,0.0,0.0,9.0
essendon,3040,VIC,MOONEE PONDS DC,Delivery Area,-37.754973,144.917407,4.0,0.0,11.0
essendon north,3041,VIC,MOONEE PONDS DC,Delivery Area,-37.744374,144.909853,1.0,0.0,14.0
essendon west,3040,VIC,MOONEE PONDS DC,Delivery Area,-37.753802,144.888271,0.0,0.0,18.0
eumemmerring,3177,VIC,DANDENONG DC,Delivery Area,-37.997711,145.250273,4.0,0.0,12.0
fairfield,3078,VIC,PRESTON DC,Delivery Area,-37.776946,145.018479,10.0,0.0,11.0
fawkner,3060,VIC,PRESTON DC,Delivery Area,-37.759823,144.89571,1.0,0.0,18.0
ferntree gully,3156,VIC,FERNTREE GULLY DELIVERY CENTRE,Delivery Area,-37.883019,145.295404,5.0,0.0,11.0
ferny creek,3786,VIC,BELGRAVE DELIVERY CENTRE,Delivery Area,-37.881284,145.342274,0.0,0.0,5.0
fitzroy,3065,VIC,FITZROY DC,Delivery Area,-37.800917,144.979165,20.0,1.0,20.0
fitzroy north,3068,VIC,FITZROY DC,Delivery Area,-37.7834,144.98468799999995,18.0,0.0,20.0
flemington,3031,VIC,MOONEE PONDS DC,Delivery Area,-37.788375,144.931472,8.0,1.0,20.0
footscray,3011,VIC,WEST FOOTSCRAY DC,Delivery Area,-37.79977,144.89958700000003,11.0,1.0,20.0
forest hill,3131,VIC,NUNAWADING DC,Delivery Area,-37.834099,145.166527,4.0,0.0,20.0
frankston,3199,VIC,SEAFORD DELIVERY CENTRE,Delivery Area,-38.145001,145.122477,6.0,1.0,20.0
frankston north,3200,VIC,SEAFORD DELIVERY CENTRE,Delivery Area,-38.165002,145.188595,1.0,0.0,12.0
frankston south,3199,VIC,SEAFORD DELIVERY CENTRE,Delivery Area,-38.156538,145.123524,3.0,0.0,20.0
gardenvale,3185,VIC,ST KILDA DC,Delivery Area,-37.896915,145.005249,3.0,0.0,8.0
gladstone park,3043,VIC,NIDDRIE DC,Delivery Area,-37.68861,144.88362800000004,5.0,0.0,17.0
glen huntly,3163,VIC,BENTLEIGH EAST DC,Delivery Area,-37.889239,145.040629,4.0,0.0,10.0
glen iris,3146,VIC,BURWOOD DC,Delivery Area,-37.854687,145.067215,2.0,0.0,11.0
glen waverley,3150,VIC,MOUNT WAVERLEY MDC (NEW),Delivery Area,-37.877631,145.166222,5.0,0.0,9.0
glenroy,3046,VIC,PRESTON DC,Delivery Area,-37.704581,144.915758,4.0,0.0,10.0
gowanbrae,3043,VIC,NIDDRIE DC,Delivery Area,-37.706316,144.89488500000004,1.0,0.0,7.0
greensborough,3088,VIC,BUNDOORA DC,Delivery Area,-37.704622,145.103024,3.0,1.0,20.0
hadfield,3046,VIC,PRESTON DC,Delivery Area,-37.707238,144.93832,3.0,0.0,9.0
hallam,3803,VIC,DANDENONG DC,Delivery Area,-38.004302,145.269261,3.0,0.0,12.0
hampton east,3188,VIC,MOORABBIN DELIVERY CENTRE,Delivery Area,-37.93360300000001,145.034175,4.0,1.0,20.0
hampton park,3976,VIC,CRANBOURNE DC,Delivery Area,-38.032221,145.26786299999995,6.0,0.0,20.0
hawthorn,3122,VIC,HAWTHORN DELIVERY CENTRE,Delivery Area,-37.834855,145.052097,7.0,1.0,13.0
hawthorn east,3123,VIC,HAWTHORN DELIVERY CENTRE,Delivery Area,-37.782254,145.001811,5.0,0.0,20.0
heatherton,3202,VIC,MOORABBIN DELIVERY CENTRE,Delivery Area,-37.969954,145.21416399999995,1.0,0.0,9.0
heathmont,3135,VIC,MOOROOLBARK DC,Delivery Area,-37.830334,145.244356,2.0,0.0,15.0
heidelberg,3084,VIC,HEIDELBERG WEST DEL CENTRE,Delivery Area,-37.756341,145.06714499999995,5.0,1.0,16.0
heidelberg heights,3081,VIC,HEIDELBERG WEST DEL CENTRE,Delivery Area,-37.742268,145.048873,4.0,0.0,11.0
heidelberg west,3081,VIC,HEIDELBERG WEST DEL CENTRE,Delivery Area,-37.74944,145.0414,3.0,0.0,12.0
highett,3190,VIC,MOORABBIN DELIVERY CENTRE,Delivery Area,-37.947848,145.034294,3.0,0.0,17.0
hillside,3037,VIC,ST ALBANS DC,Delivery Area,-37.691437,144.74002,1.0,0.0,15.0
hillside,3875,VIC,BAIRNSDALE,Delivery Area,-37.830936,147.47059099999996,0.0,0.0,0.0
hoppers crossing,3029,VIC,HOPPERS CROSSING DEL CENTRE,Delivery Area,-37.882636,144.700297,5.0,0.0,9.0
hughesdale,3166,VIC,MOUNT WAVERLEY MDC (NEW),Delivery Area,-37.895763,145.07654499999995,1.0,0.0,9.0
huntingdale,3166,VIC,MOUNT WAVERLEY MDC (NEW),Delivery Area,-37.909347,145.103841,1.0,0.0,5.0
hurstbridge,3099,VIC,DIAMOND CREEK DC,Delivery Area,-37.640166,145.192477,4.0,1.0,10.0
ivanhoe,3079,VIC,HEIDELBERG WEST DEL CENTRE,Delivery Area,-37.76964,145.041425,5.0,0.0,12.0
ivanhoe east,3079,VIC,HEIDELBERG WEST DEL CENTRE,Delivery Area,-37.77283,145.059401,1.0,0.0,9.0
jacana,3047,VIC,SOMERTON DC,Delivery Area,-37.690301,144.915729,1.0,1.0,14.0
junction village,3977,VIC,CRANBOURNE DC,Delivery Area,-38.138435,145.29407700000004,0.0,0.0,3.0
kallista,3791,VIC,BELGRAVE DELIVERY CENTRE,Delivery Area,-37.900585,145.410171,0.0,0.0,1.0
kalorama,3766,VIC,MOOROOLBARK DC,Delivery Area,-37.816839,145.367371,0.0,0.0,3.0
kealba,3021,VIC,ST ALBANS DC,Delivery Area,-37.742331,144.825918,4.0,0.0,10.0
keilor,3036,VIC,NIDDRIE DC,Delivery Area,-37.718965,144.83416599999995,0.0,0.0,10.0
keilor downs,3038,VIC,ST ALBANS DC,Delivery Area,-37.725726,144.811346,2.0,2.0,19.0
keilor east,3033,VIC,NIDDRIE DC,Delivery Area,-37.736264,144.796336,1.0,0.0,9.0
keilor lodge,3038,VIC,ST ALBANS DC,Delivery Area,-37.695768,144.797032,4.0,0.0,18.0
keilor park,3042,VIC,NIDDRIE DC,Delivery Area,-37.72465,144.850373,2.0,0.0,4.0
kensington,3031,VIC,MOONEE PONDS DC,Delivery Area,-37.794333,144.929217,9.0,0.0,20.0
kew,3101,VIC,DEEPDENE DC,Delivery Area,-37.797982,145.053727,3.0,1.0,6.0
kew east,3102,VIC,DEEPDENE DC,Delivery Area,-37.796246,145.049017,2.0,1.0,9.0
keysborough,3173,VIC,BRAESIDE DC,Delivery Area,-37.989707,145.14903700000005,0.0,0.0,14.0
kilsyth,3137,VIC,MOOROOLBARK DC,Delivery Area,-37.802304,145.312198,3.0,0.0,12.0
kilsyth south,3137,VIC,MOOROOLBARK DC,Delivery Area,-37.829539,145.302768,1.0,0.0,17.0
kingsbury,3083,VIC,BUNDOORA DC,Delivery Area,-37.714064,145.035103,2.0,0.0,16.0
kings park,3021,VIC,ST ALBANS DC,Delivery Area,-37.734277,144.780872,1.0,0.0,16.0
kingsville,3012,VIC,WEST FOOTSCRAY DC,Delivery Area,-37.812635,144.881803,8.0,0.0,12.0
kooyong,3144,VIC,HAWTHORN DELIVERY CENTRE,Delivery Area,-37.840702,145.032101,3.0,0.0,10.0
knoxfield,3180,VIC,FERNTREE GULLY DELIVERY CENTRE,Delivery Area,-37.888895,145.24838300000005,1.0,0.0,10.0
lalor,3075,VIC,EPPING DC,Delivery Area,-37.665857,145.017194,4.0,0.0,17.0
langwarrin,3910,VIC,CRANBOURNE DC,Delivery Area,-38.153809,145.185851,3.0,0.0,17.0
langwarrin south,3911,VIC,BAXTER DELIVERY ANNEXE,Delivery Area,-38.198507,145.182526,0.0,0.0,0.0
laverton,3028,VIC,HOPPERS CROSSING DEL CENTRE,Delivery Area,-37.866939,144.761748,2.0,1.0,10.0
lilydale,3140,VIC,MOOROOLBARK DC,Delivery Area,-37.755519,145.347707,4.0,1.0,12.0
lower plenty,3093,VIC,BUNDOORA DC,Delivery Area,-37.730758,145.08811799999995,0.0,0.0,12.0
lynbrook,3975,VIC,CRANBOURNE DC,Delivery Area,-38.050457,145.257531,4.0,0.0,11.0
lyndhurst,3975,VIC,CRANBOURNE DC,Delivery Area,-38.053275,145.244343,0.0,0.0,5.0
lysterfield south,3156,VIC,FERNTREE GULLY DELIVERY CENTRE,Delivery Area,-37.927092,145.291015,0.0,0.0,3.0
macleod,3085,VIC,HEIDELBERG WEST DEL CENTRE,Delivery Area,-37.726038,145.068457,2.0,1.0,11.0
maidstone,3012,VIC,WEST FOOTSCRAY DC,Delivery Area,-37.782096,144.874299,4.0,0.0,16.0
malvern,3144,VIC,HAWTHORN DELIVERY CENTRE,Delivery Area,-37.861427,145.02850800000004,7.0,1.0,12.0
malvern east,3145,VIC,MOUNT WAVERLEY MDC (NEW),Delivery Area,-37.87837,145.067892,4.0,0.0,14.0
maribyrnong,3032,VIC,MOONEE PONDS DC,Delivery Area,-37.772229,144.886116,2.0,0.0,13.0
mckinnon,3204,VIC,MOORABBIN DELIVERY CENTRE,Delivery Area,-37.910967,145.037483,5.0,0.0,11.0
meadow heights,3048,VIC,SOMERTON DC,Delivery Area,-37.64986,144.922104,1.0,0.0,20.0
melbourne,3000,VIC,CITY DELIVERY CENTRE,Delivery Area,-37.814563,144.97026699999995,20.0,4.0,20.0
melbourne,3004,VIC,CITY DELIVERY CENTRE,Delivery Area,-37.837324,144.976335,9.0,0.0,20.0
mentone,3194,VIC,BRAESIDE DC,Delivery Area,-37.98285900000001,145.0649,3.0,0.0,14.0
middle park,3206,VIC,SOUTH MELBOURNE DC,Delivery Area,-37.849721,144.965136,2.0,0.0,20.0
mill park,3082,VIC,EPPING DC,Delivery Area,-37.667957,145.060693,2.0,0.0,20.0
mitcham,3132,VIC,NUNAWADING DC,Delivery Area,-37.816878,145.193712,3.0,1.0,16.0
mont albert,3127,VIC,BOX HILL DC,Delivery Area,-37.821232,145.104996,3.0,0.0,11.0
mont albert north,3129,VIC,BOX HILL DC,Delivery Area,-37.807247,145.11205,4.0,0.0,12.0
montmorency,3094,VIC,BUNDOORA DC,Delivery Area,-37.715294,145.12158300000004,4.0,0.0,11.0
montrose,3765,VIC,MOOROOLBARK DC,Delivery Area,-37.805976,145.33951399999995,3.0,0.0,13.0
moonee ponds,3039,VIC,MOONEE PONDS DC,Delivery Area,-37.765707,144.919163,16.0,1.0,7.0
moorabbin,3189,VIC,MOORABBIN DELIVERY CENTRE,Delivery Area,-37.934352,145.03673500000005,3.0,1.0,19.0
mooroolbark,3138,VIC,MOOROOLBARK DC,Delivery Area,-37.774337,145.329954,0.0,0.0,15.0
mordialloc,3195,VIC,BRAESIDE DC,Delivery Area,-38.007154,145.086849,3.0,1.0,20.0
mount dandenong,3767,VIC,MOOROOLBARK DC,Delivery Area,-37.835062,145.357831,0.0,0.0,12.0
mount evelyn,3796,VIC,MOOROOLBARK DC,Delivery Area,-37.792515,145.375605,1.0,1.0,7.0
mount waverley,3149,VIC,MOUNT WAVERLEY MDC (NEW),Delivery Area,-37.875273,145.128398,4.0,1.0,15.0
mulgrave,3170,VIC,MOUNT WAVERLEY MDC (NEW),Delivery Area,-37.869611,145.10286599999995,2.0,0.0,18.0
murrumbeena,3163,VIC,BENTLEIGH EAST DC,Delivery Area,-37.89069,145.067589,4.0,0.0,13.0
narre warren,3805,VIC,NARRE WARREN DC,Delivery Area,-38.026383,145.306933,4.0,1.0,15.0
narre warren north,3804,VIC,NARRE WARREN DC,Delivery Area,-37.981131,145.315271,0.0,0.0,6.0
narre warren south,3805,VIC,NARRE WARREN DC,Delivery Area,-38.050061,145.298191,1.0,0.0,6.0
newport,3015,VIC,NEWPORT DC,Delivery Area,-37.842477,144.88314499999996,5.0,0.0,16.0
niddrie,3042,VIC,NIDDRIE DC,Delivery Area,-37.736031,144.889072,6.0,0.0,11.0
noble park,3174,VIC,MOUNT WAVERLEY MDC (NEW),Delivery Area,-37.967254,145.176167,4.0,0.0,13.0
noble park north,3174,VIC,MOUNT WAVERLEY MDC (NEW),Delivery Area,-37.9547,145.192117,3.0,0.0,11.0
north melbourne,3051,VIC,CITY DELIVERY CENTRE,Delivery Area,-37.905996,145.056254,2.0,0.0,12.0
north warrandyte,3113,VIC,MOOROOLBARK DC,Delivery Area,-37.731758,145.221282,2.0,0.0,10.0
northcote,3070,VIC,PRESTON DC,Delivery Area,-37.769857,144.995276,12.0,1.0,20.0
notting hill,3168,VIC,MOUNT WAVERLEY MDC (NEW),Delivery Area,-37.90159600000001,145.145776,1.0,0.0,5.0
nunawading,3131,VIC,NUNAWADING DC,Delivery Area,-37.820037,145.175726,4.0,1.0,12.0
oak park,3046,VIC,PRESTON DC,Delivery Area,-37.71817,144.919959,2.0,0.0,13.0
oakleigh,3166,VIC,MOUNT WAVERLEY MDC (NEW),Delivery Area,-37.899854,145.08711599999995,6.0,1.0,9.0
oakleigh east,3166,VIC,MOUNT WAVERLEY MDC (NEW),Delivery Area,-37.900071,145.105574,1.0,0.0,13.0
oakleigh south,3167,VIC,MOUNT WAVERLEY MDC (NEW),Delivery Area,-37.926986,145.0964,1.0,0.0,11.0
ormond,3204,VIC,MOORABBIN DELIVERY CENTRE,Delivery Area,-37.904059,145.040899,2.0,0.0,10.0
park orchards,3114,VIC,MOOROOLBARK DC,Delivery Area,-37.778442,145.214586,1.0,0.0,9.0
parkdale,3195,VIC,BRAESIDE DC,Delivery Area,-37.992659,145.075479,2.0,0.0,5.0
parkville,3052,VIC,CARLTON DC,Delivery Area,-37.788531,144.947731,0.0,0.0,20.0
pascoe vale,3044,VIC,PRESTON DC,Delivery Area,-37.727568,144.939122,4.0,0.0,14.0
pascoe vale south,3044,VIC,PRESTON DC,Delivery Area,-37.739198,144.945722,1.0,0.0,7.0
patterson lakes,3197,VIC,SEAFORD DELIVERY CENTRE,Delivery Area,-38.067368,145.144762,3.0,0.0,11.0
point cook,3030,VIC,HOPPERS CROSSING DEL CENTRE,Delivery Area,-37.914616,144.751038,0.0,0.0,10.0
port melbourne,3207,VIC,SOUTH MELBOURNE DC,Delivery Area,-37.975682,145.03046799999996,0.0,0.0,11.0
prahran,3181,VIC,RICHMOND DC,Delivery Area,-37.849577,144.99371399999995,20.0,1.0,20.0
preston,3072,VIC,PRESTON DC,Delivery Area,-37.738736,145.00051499999995,4.0,1.0,13.0
princes hill,3054,VIC,CARLTON DC,Delivery Area,-37.780995,144.96279199999995,6.0,0.0,18.0
research,3095,VIC,RESEARCH DELIVERY CENTRE,Delivery Area,-37.703602,145.18063600000005,1.0,0.0,8.0
reservoir,3073,VIC,PRESTON DC,Delivery Area,-37.716897,145.006985,7.0,0.0,12.0
richmond,3121,VIC,RICHMOND DC,Delivery Area,-37.818587,144.999181,20.0,1.0,17.0
ringwood,3134,VIC,MOOROOLBARK DC,Delivery Area,-37.81402,145.227362,8.0,1.0,20.0
ringwood north,3134,VIC,MOOROOLBARK DC,Delivery Area,-37.787064,145.2356,2.0,0.0,9.0
ripponlea,3185,VIC,ST KILDA DC,Delivery Area,-37.876692,144.996194,15.0,0.0,15.0
rosanna,3084,VIC,HEIDELBERG WEST DEL CENTRE,Delivery Area,-37.742893,145.065044,4.0,0.0,10.0
rowville,3178,VIC,FERNTREE GULLY DELIVERY CENTRE,Delivery Area,-37.928005,145.235811,3.0,0.0,8.0
roxburgh park,3064,VIC,SOMERTON DC,Delivery Area,-37.636795,144.932604,3.0,0.0,20.0
sandhurst,3977,VIC,CRANBOURNE DC,Delivery Area,-38.080718,145.20951100000005,0.0,0.0,2.0
sandringham,3191,VIC,MOORABBIN DELIVERY CENTRE,Delivery Area,-37.952493,145.012316,5.0,1.0,12.0
sassafras,3787,VIC,BELGRAVE DELIVERY CENTRE,Delivery Area,-37.876027,145.36695,1.0,0.0,10.0
scoresby,3179,VIC,FERNTREE GULLY DELIVERY CENTRE,Delivery Area,-37.864883,145.26426999999995,1.0,0.0,15.0
seabrook,3028,VIC,HOPPERS CROSSING DEL CENTRE,Delivery Area,-37.877626,144.75777,1.0,0.0,7.0
seaford,3198,VIC,SEAFORD DELIVERY CENTRE,Delivery Area,-38.110191,145.142512,2.0,0.0,6.0
seaholme,3018,VIC,NEWPORT DC,Delivery Area,-37.867992,144.843609,2.0,0.0,13.0
seddon,3011,VIC,WEST FOOTSCRAY DC,Delivery Area,-37.808769,144.895486,11.0,1.0,20.0
selby,3159,VIC,BELGRAVE DELIVERY CENTRE,Delivery Area,-37.915182,145.372016,0.0,0.0,20.0
sherbrooke,3789,VIC,BELGRAVE DELIVERY CENTRE,Delivery Area,-37.883737,145.364031,1.0,0.0,9.0
skye,3977,VIC,CRANBOURNE DC,Delivery Area,-38.1183,145.203099,2.0,0.0,2.0
south kingsville,3015,VIC,NEWPORT DC,Delivery Area,-37.833627,144.87074199999995,1.0,0.0,10.0
south melbourne,3205,VIC,SOUTH MELBOURNE DC,Delivery Area,-37.93291,145.033718,4.0,1.0,20.0
south morang,3752,VIC,MORANG SOUTH,Delivery Area,-37.653074,145.095043,2.0,0.0,20.0
south yarra,3141,VIC,RICHMOND DC,Delivery Area,-37.83788300000001,144.991123,15.0,0.0,20.0
southbank,3006,VIC,SOUTH MELBOURNE DC,Delivery Area,-37.823258,144.965926,20.0,4.0,20.0
spotswood,3015,VIC,NEWPORT DC,Delivery Area,-37.82967,144.885078,1.0,0.0,17.0
springvale,3171,VIC,MOUNT WAVERLEY MDC (NEW),Delivery Area,-37.97103,145.148499,2.0,0.0,18.0
springvale south,3172,VIC,BRAESIDE DC,Delivery Area,-37.97103,145.148499,2.0,0.0,18.0
st albans,3021,VIC,ST ALBANS DC,Delivery Area,-37.745063,144.799626,3.0,0.0,14.0
st kilda,3182,VIC,ST KILDA DC,Delivery Area,-37.867573,144.978814,11.0,0.0,20.0
st kilda east,3183,VIC,ST KILDA DC,Delivery Area,-37.866458,145.000047,12.0,1.0,12.0
st kilda west,3182,VIC,ST KILDA DC,Delivery Area,-37.860901,144.972523,8.0,0.0,20.0
strathmore,3041,VIC,MOONEE PONDS DC,Delivery Area,-37.735876,144.919176,1.0,0.0,19.0
strathmore heights,3041,VIC,MOONEE PONDS DC,Delivery Area,-37.716678,144.897568,4.0,0.0,9.0
sunshine north,3020,VIC,SUNSHINE DC,Delivery Area,-37.768904,144.830258,3.0,1.0,3.0
surrey hills,3127,VIC,BOX HILL DC,Delivery Area,-37.825077,145.09741200000005,2.0,0.0,13.0
sydenham,3037,VIC,ST ALBANS DC,Delivery Area,-37.70004,144.764617,1.0,0.0,14.0
taylors hill,3037,VIC,ST ALBANS DC,Delivery Area,-37.710381,144.76679099999996,2.0,0.0,13.0
taylors lakes,3038,VIC,ST ALBANS DC,Delivery Area,-37.69875800000001,144.78766000000005,3.0,0.0,16.0
tecoma,3160,VIC,BELGRAVE DELIVERY CENTRE,Delivery Area,-37.906626,145.343987,3.0,1.0,11.0
templestowe,3106,VIC,TEMPLESTOWE DC,Delivery Area,-37.768882,145.117873,1.0,0.0,10.0
templestowe lower,3107,VIC,TEMPLESTOWE DC,Delivery Area,-37.7563,145.102997,0.0,0.0,10.0
the basin,3154,VIC,BAYSWATER DC,Delivery Area,-37.851467,145.30713300000005,2.0,0.0,20.0
the patch,3792,VIC,BELGRAVE DELIVERY CENTRE,Delivery Area,-37.887353,145.392574,0.0,0.0,6.0
thomastown,3074,VIC,EPPING DC,Delivery Area,-37.680338,145.01428700000002,5.0,0.0,13.0
thornbury,3071,VIC,PRESTON DC,Delivery Area,-37.75504,144.99858899999995,6.0,0.0,20.0
toorak,3142,VIC,RICHMOND DC,Delivery Area,-37.84216,145.017966,4.0,0.0,4.0
travancore,3032,VIC,MOONEE PONDS DC,Delivery Area,-37.777773,144.929915,3.0,1.0,9.0
tullamarine,3043,VIC,NIDDRIE DC,Delivery Area,-37.68656,144.882698,5.0,0.0,17.0
upper ferntree gully,3156,VIC,FERNTREE GULLY DELIVERY CENTRE,Delivery Area,-37.893513,145.310777,0.0,0.0,6.0
upwey,3158,VIC,BELGRAVE DELIVERY CENTRE,Delivery Area,-37.903672,145.33131,2.0,0.0,4.0
vermont,3133,VIC,NUNAWADING DC,Delivery Area,-37.836235,145.194651,2.0,0.0,13.0
vermont south,3133,VIC,NUNAWADING DC,Delivery Area,-37.856647,145.183576,1.0,0.0,14.0
viewbank,3084,VIC,HEIDELBERG WEST DEL CENTRE,Delivery Area,-37.739262,145.096424,0.0,0.0,10.0
wandin north,3139,VIC,WANDIN NORTH,Delivery Area,-37.771838,145.414182,0.0,0.0,4.0
wantirna,3152,VIC,FERNTREE GULLY DELIVERY CENTRE,Delivery Area,-37.847915,145.228757,1.0,0.0,19.0
wantirna south,3152,VIC,FERNTREE GULLY DELIVERY CENTRE,Delivery Area,-37.868979,145.23521100000005,3.0,1.0,11.0
warrandyte,3113,VIC,MOOROOLBARK DC,Delivery Area,-37.736915,145.22314,2.0,1.0,9.0
warranwood,3134,VIC,MOOROOLBARK DC,Delivery Area,-37.774017,145.2483,0.0,0.0,7.0
waterways,3195,VIC,BRAESIDE DC,Delivery Area,-38.008051,145.11047299999996,1.0,0.0,6.0
watsonia,3087,VIC,BUNDOORA DC,Delivery Area,-37.712531,145.082098,1.0,0.0,15.0
watsonia north,3087,VIC,BUNDOORA DC,Delivery Area,-37.698352,145.084586,0.0,0.0,18.0
werribee,3030,VIC,HOPPERS CROSSING DEL CENTRE,Delivery Area,-37.903337,144.657731,7.0,0.0,19.0
west footscray,3012,VIC,WEST FOOTSCRAY DC,Delivery Area,-37.797701,144.879924,1.0,0.0,14.0
west melbourne,3003,VIC,CITY DELIVERY CENTRE,Delivery Area,-37.806255,144.941123,8.0,0.0,11.0
westmeadows,3049,VIC,SOMERTON DC,Delivery Area,-37.673551,144.90086000000005,0.0,0.0,13.0
wheelers hill,3150,VIC,MOUNT WAVERLEY MDC (NEW),Delivery Area,-37.909349,145.188659,3.0,0.0,20.0
williamstown,3016,VIC,NEWPORT DC,Delivery Area,-37.85690200000001,144.897698,7.0,0.0,18.0
williamstown north,3016,VIC,NEWPORT DC,Delivery Area,-37.857681,144.88704099999995,6.0,0.0,20.0
windsor,3181,VIC,RICHMOND DC,Delivery Area,-37.85615900000001,144.9922,17.0,0.0,20.0
yallambie,3085,VIC,HEIDELBERG WEST DEL CENTRE,Delivery Area,-37.727482,145.10230900000005,2.0,0.0,15.0
yarraville,3013,VIC,WEST FOOTSCRAY DC,Delivery Area,-37.816178,144.889774,7.0,0.0,18.0
